{
  "lr": 0.0015304852121831463,
  "dropout": 0.2185801650879991,
  "batch_size": 32,
  "optimizer": "sgd",
  "val_acc": 0.9782716049382716
}