{
  "lr": 0.0005611516415334506,
  "dropout": 0.5802857225639664,
  "batch_size": 32,
  "optimizer": "adam",
  "val_acc": 0.8491358024691358
}